link,price,super_area,area_units
https://www.99acres.com/4-bhk-bedroom-apartment-flat-for-sale-in-dlf-the-grove-dlf-phase-5-gurgaon-1380-sq-ft-spid-M80986585,7.4 Cr,182.2428,sq.m.
https://www.99acres.com/3-bhk-bedroom-apartment-flat-for-sale-in-godrej-aristocrat-sector-49-gurgaon-1001-sq-ft-r1-spid-C77281257,4.55 Cr,132.1452,sq.m.
https://www.99acres.com/3-bhk-bedroom-apartment-flat-for-sale-in-atrium-by-godrej-zenith-sector-89-gurgaon-1178-sq-ft-spid-I81181483,3.2 Cr,109.54,sq.m.
https://www.99acres.com/4-bhk-bedroom-apartment-flat-for-sale-in-godrej-aristocrat-sector-49-gurgaon-1940-sq-ft-spid-U79308375,6.9 Cr,256.2106,sq.m.
https://www.99acres.com/3-bhk-bedroom-apartment-flat-for-sale-in-sector-89-gurgaon-1217-sq-ft-spid-U80321145,4.15 Cr,160.744,sq.m.
https://www.99acres.com/3-bhk-bedroom-apartment-flat-for-sale-in-godrej-meridien-sector-106-gurgaon-1119-sq-ft-spid-M80829331,3 Cr,147.82199999999997,sq.m.
https://www.99acres.com/3-bhk-bedroom-apartment-flat-for-sale-in-godrej-meridien-sector-106-gurgaon-1107-sq-ft-spid-E80946821,2.9 Cr,146.2174,sq.m.
https://www.99acres.com/3-bhk-bedroom-apartment-flat-for-sale-in-godrej-meridien-sector-106-gurgaon-1107-sq-ft-spid-J80484889,2.8 Cr,146.2174,sq.m.
https://www.99acres.com/4-bhk-bedroom-apartment-flat-for-sale-in-dlf-the-grove-dlf-phase-5-gurgaon-2903-sq-ft-spid-K80986219,7.3 Cr,383.4,sq.m.
https://www.99acres.com/3-bhk-bedroom-apartment-flat-for-sale-in-godrej-aristocrat-sector-49-gurgaon-1566-sq-ft-spid-X81429829,4.7 Cr,247.07999999999998,sq.yards
https://www.99acres.com/2-bhk-bedroom-apartment-flat-for-sale-in-godrej-meridien-sector-106-gurgaon-816-sq-ft-spid-D80573627,2.05 Cr,107.8206,sq.m.
https://www.99acres.com/4-bhk-bedroom-apartment-flat-for-sale-in-godrej-meridien-sector-106-gurgaon-1655-sq-ft-r1-spid-B78319709,4.1 Cr,218.5948,sq.m.
https://www.99acres.com/4-bhk-bedroom-apartment-flat-for-sale-in-godrej-meridien-sector-106-gurgaon-1655-sq-ft-spid-C80297049,,,
https://www.99acres.com/4-bhk-bedroom-apartment-flat-for-sale-in-godrej-meridien-sector-106-gurgaon-1655-sq-ft-spid-Z79881771,4.05 Cr,218.5948,sq.m.
https://www.99acres.com/3-bhk-bedroom-apartment-flat-for-sale-in-godrej-meridien-sector-106-gurgaon-1024-sq-ft-spid-R79795877,2.5 Cr,135.2266,sq.m.
https://www.99acres.com/2-bhk-bedroom-apartment-flat-for-sale-in-godrej-meridien-sector-106-gurgaon-816-sq-ft-spid-M80484971,1.95 Cr,107.8206,sq.m.
https://www.99acres.com/3-bhk-bedroom-apartment-flat-for-sale-in-godrej-meridien-sector-106-gurgaon-1225-sq-ft-r1-spid-J78856569,2.8 Cr,161.8374,sq.m.
https://www.99acres.com/3-bhk-bedroom-apartment-flat-for-sale-in-suncity-vatsal-valley-gwal-pahari-gurgaon-1444-sq-ft-spid-R80425709,2.25 Cr,134.33,sq.m.
https://www.99acres.com/2-bhk-bedroom-apartment-flat-for-sale-in-godrej-nature-plus-sector-33-sohna-gurgaon-1022-sq-ft-r1-spid-L72335614,1.55 Cr,95,sq.m.
https://www.99acres.com/2-bhk-bedroom-apartment-flat-for-sale-in-godrej-aria-sector-79-gurgaon-753-sq-ft-spid-D78968611,1.6 Cr,99.39999999999999,sq.m.
https://www.99acres.com/4-bhk-bedroom-apartment-flat-for-sale-in-godrej-meridien-sector-106-gurgaon-1655-sq-ft-r1-spid-W78856811,3.5 Cr,218.5948,sq.m.
https://www.99acres.com/3-bhk-bedroom-apartment-flat-for-sale-in-godrej-meridien-sector-106-gurgaon-1225-sq-ft-spid-Y80426599,2.55 Cr,161.8374,sq.m.
https://www.99acres.com/3-bhk-bedroom-apartment-flat-for-sale-in-godrej-meridien-sector-106-gurgaon-1989-sq-ft-r4-spid-O67173734,2.9 Cr,185,sq.m.
https://www.99acres.com/4-bhk-bedroom-apartment-flat-for-sale-in-dlf-amaltas-drive-dlf-phase-4-gurgaon-2484-sq-ft-spid-G81220797,5.8 Cr,391.91999999999996,sq.yards
https://www.99acres.com/2-bhk-bedroom-apartment-flat-for-sale-in-suncity-avenue-76-sector-76-gurgaon-645-sq-ft-spid-G81340957,87 Lac,60,sq.m.
https://www.99acres.com/4-bhk-bedroom-apartment-flat-for-sale-in-huda-flats-sector-57-gurgaon-2115-sq-ft-spid-G79482721,2.95 Cr,210.7848,sq.yards
https://www.99acres.com/3-bhk-bedroom-apartment-flat-for-sale-in-central-park-flower-valley-flamingo-floors-sector-33-sohna-gurgaon-1737-sq-ft-spid-K81395807,2.32 Cr,193,sq.yards
https://www.99acres.com/3-bhk-bedroom-apartment-flat-for-sale-in-central-park-flower-valley-flamingo-floors-sector-33-sohna-gurgaon-1620-sq-ft-spid-D81396221,2.12 Cr,180,sq.yards
https://www.99acres.com/2-bhk-bedroom-apartment-flat-for-sale-in-suncity-avenue-76-sector-76-gurgaon-582-sq-ft-spid-N80388751,90 Lac,76.822,sq.m.
https://www.99acres.com/2-bhk-bedroom-apartment-flat-for-sale-in-suncity-avenue-76-sector-76-gurgaon-785-sq-ft-spid-V81035347,88 Lac,76.822,sq.m.
https://www.99acres.com/3-bhk-bedroom-apartment-flat-for-sale-in-godrej-oasis-sector-88a-gurgaon-1491-sq-ft-spid-L79172893,2.24 Cr,196.9398,sq.m.
https://www.99acres.com/2-bhk-bedroom-apartment-flat-for-sale-in-suncity-avenue-76-sector-76-gurgaon-582-sq-ft-spid-B80822885,87 Lac,76.822,sq.m.
https://www.99acres.com/4-bhk-bedroom-apartment-flat-for-sale-in-ansal-sushant-shopping-arcade-b-block-sushant-lok-phase-1-gurgaon-2700-sq-ft-spid-U80774385,4.8 Cr,426.0,sq.yards
https://www.99acres.com/2-bhk-bedroom-apartment-flat-for-sale-in-suncity-avenue-76-sector-76-gurgaon-621-sq-ft-spid-Z80389195,92 Lac,82.005,sq.m.
https://www.99acres.com/2-bhk-bedroom-apartment-flat-for-sale-in-suncity-avenue-76-sector-76-gurgaon-582-sq-ft-spid-O80387917,86 Lac,76.822,sq.m.
https://www.99acres.com/2-bhk-bedroom-apartment-flat-for-sale-in-suncity-avenue-76-sector-76-gurgaon-621-sq-ft-spid-M80389029,91 Lac,82.005,sq.m.
https://www.99acres.com/3-bhk-bedroom-apartment-flat-for-sale-in-dlf-gardencity-enclave-sector-93-gurgaon-1620-sq-ft-spid-U81435453,1.95 Cr,180,sq.yards
https://www.99acres.com/3-bhk-bedroom-apartment-flat-for-sale-in-godrej-summit-sector-104-gurgaon-1047-sq-ft-spid-J81163927,1.49 Cr,138.2228,sq.m.
https://www.99acres.com/2-bhk-bedroom-apartment-flat-for-sale-in-suncity-avenue-76-sector-76-gurgaon-626-sq-ft-spid-D80388497,89 Lac,82.644,sq.m.
https://www.99acres.com/2-bhk-bedroom-apartment-flat-for-sale-in-suncity-avenue-76-sector-76-gurgaon-611-sq-ft-spid-Y80676399,86 Lac,80.727,sq.m.
https://www.99acres.com/2-bhk-bedroom-apartment-flat-for-sale-in-suncity-avenue-76-sector-76-gurgaon-626-sq-ft-spid-U80388195,88 Lac,82.644,sq.m.
https://www.99acres.com/2-bhk-bedroom-apartment-flat-for-sale-in-suncity-avenue-76-sector-76-gurgaon-626-sq-ft-spid-S80823497,88 Lac,82.644,sq.m.
https://www.99acres.com/2-bhk-bedroom-apartment-flat-for-sale-in-suncity-avenue-76-sector-76-gurgaon-871-sq-ft-spid-V81063767,85 Lac,81,sq.m.
https://www.99acres.com/4-bhk-bedroom-apartment-flat-for-sale-in-birla-navya-sector-63a-gurgaon-4050-sq-ft-spid-T79542519,5.9 Cr,562.5,sq.yards
https://www.99acres.com/2-bhk-bedroom-apartment-flat-for-sale-in-suncity-avenue-76-sector-76-gurgaon-626-sq-ft-spid-T80823861,86.5 Lac,82.644,sq.m.
https://www.99acres.com/2-bhk-bedroom-apartment-flat-for-sale-in-suncity-avenue-76-sector-76-gurgaon-626-sq-ft-spid-T80823727,85.5 Lac,82.644,sq.m.
https://www.99acres.com/2-bhk-bedroom-apartment-flat-for-sale-in-suncity-avenue-76-sector-76-gurgaon-626-sq-ft-spid-R80823127,85 Lac,82.644,sq.m.
https://www.99acres.com/2-bhk-bedroom-apartment-flat-for-sale-in-suncity-avenue-76-sector-76-gurgaon-626-sq-ft-spid-J80368035,85 Lac,82.644,sq.m.
https://www.99acres.com/2-bhk-bedroom-apartment-flat-for-sale-in-suncity-avenue-76-sector-76-gurgaon-688-sq-ft-spid-P81369919,84.5 Lac,82.644,sq.m.
https://www.99acres.com/2-bhk-bedroom-apartment-flat-for-sale-in-suncity-avenue-76-sector-76-gurgaon-634-sq-ft-spid-E80763997,85 Lac,83.78,sq.m.
https://www.99acres.com/3-bhk-bedroom-apartment-flat-for-sale-in-dlf-pink-town-house-dlf-phase-3-gurgaon-1350-sq-ft-spid-X76758761,2.15 Cr,213.0,sq.yards
https://www.99acres.com/2-bhk-bedroom-apartment-flat-for-sale-in-suncity-avenue-76-sector-76-gurgaon-634-sq-ft-spid-V81470563,84.2 Lac,83.78,sq.m.
https://www.99acres.com/2-bhk-bedroom-apartment-flat-for-sale-in-suncity-avenue-76-sector-76-gurgaon-634-sq-ft-spid-I80763729,84 Lac,83.78,sq.m.
https://www.99acres.com/2-bhk-bedroom-apartment-flat-for-sale-in-suncity-avenue-76-sector-76-gurgaon-634-sq-ft-spid-A80763453,83 Lac,83.78,sq.m.
https://www.99acres.com/3-bhk-bedroom-apartment-flat-for-sale-in-birla-navya-sector-63a-gurgaon-2475-sq-ft-r1-spid-S78613053,3.25 Cr,343.75,sq.yards
https://www.99acres.com/4-bhk-bedroom-apartment-flat-for-sale-in-sector-82-gurgaon-3240-sq-ft-spid-O81452033,3.4 Cr,360,sq.yards
https://www.99acres.com/3-bhk-bedroom-apartment-flat-for-sale-in-central-park-flower-valley-flamingo-floors-sector-33-sohna-gurgaon-1737-sq-ft-spid-Z81021005,1.82 Cr,193,sq.yards
https://www.99acres.com/2-bhk-bedroom-apartment-flat-for-sale-in-central-park-flower-valley-flamingo-floors-sector-33-sohna-gurgaon-1620-sq-ft-spid-B81489017,2.35 Cr,255.6,sq.yards
https://www.99acres.com/3-bhk-bedroom-apartment-flat-for-sale-in-oriental-homes-sushant-lok-phase-3-gurgaon-1722-sq-ft-spid-T79933525,2.4 Cr,271.7312,sq.yards
https://www.99acres.com/4-bhk-bedroom-apartment-flat-for-sale-in-emaar-emerald-hills-sector-65-gurgaon-3150-sq-ft-spid-R78240731,2.9 Cr,350,sq.yards
https://www.99acres.com/3-bhk-bedroom-apartment-flat-for-sale-in-emaar-emerald-hills-sector-65-gurgaon-2403-sq-ft-spid-V79513983,2.95 Cr,379.14,sq.yards
https://www.99acres.com/3-bhk-bedroom-apartment-flat-for-sale-in-bptp-astaire-gardens-sector-70a-gurgaon-1764-sq-ft-r1-spid-T74019133,2.11 Cr,278.32,sq.yards
https://www.99acres.com/2-bhk-bedroom-apartment-flat-for-sale-in-woodstock-floors-nirvana-country-gurgaon-1728-sq-ft-spid-Y81456475,2.05 Cr,272.64,sq.yards
https://www.99acres.com/4-bhk-bedroom-apartment-flat-for-sale-in-emaar-emerald-hills-sector-65-gurgaon-3150-sq-ft-spid-Z78598109,3.7 Cr,497.0,sq.yards
https://www.99acres.com/3-bhk-bedroom-apartment-flat-for-sale-in-vatika-emilia-floors-sector-83-gurgaon-2160-sq-ft-spid-K81392091,1.62 Cr,240,sq.yards
https://www.99acres.com/4-bhk-bedroom-apartment-flat-for-sale-in-bptp-amstoria-sector-102-gurgaon-4455-sq-ft-r4-spid-O75085129,4.5 Cr,702.9,sq.yards
https://www.99acres.com/2-bhk-bedroom-apartment-flat-for-sale-in-sector-82-gurgaon-2700-sq-ft-spid-M79988867,1.3 Cr,375.0,sq.yards
https://www.99acres.com/2-bhk-bedroom-apartment-flat-for-sale-in-sagar-homes-5-sector-105-gurgaon-70-sq-ft-spid-N81380761,28 Lac,99.39999999999999,sq.ft.
https://www.99acres.com/3-bhk-bedroom-apartment-flat-for-sale-in-diplomats-golf-link-sector-110-gurgaon-604-sq-ft-spid-Y81077849,1.1 Cr,604,sq.ft.
https://www.99acres.com/1-bhk-bedroom-apartment-flat-for-sale-in-avl-36-gurgaon-sector-36a-gurgaon-406-sq-ft-spid-N81004911,67 Lac,406,sq.ft.
https://www.99acres.com/1-bhk-bedroom-apartment-flat-for-sale-in-signature-global-city-81-sector-81-gurgaon-320-sq-ft-spid-O80103619,50 Lac,320,sq.ft.
https://www.99acres.com/1-bhk-bedroom-apartment-flat-for-sale-in-avl-36-gurgaon-sector-36a-gurgaon-391-sq-ft-spid-U80523493,72 Lac,485.64,sq.ft.
https://www.99acres.com/2-bhk-bedroom-apartment-flat-for-sale-in-pyramid-heights-sector-85-gurgaon-575-sq-ft-spid-M80800935,85 Lac,575,sq.ft.
https://www.99acres.com/2-bhk-bedroom-apartment-flat-for-sale-in-signature-andour-heights-sector-71-gurgaon-600-sq-ft-spid-C80272659,87 Lac,600,sq.ft.
https://www.99acres.com/1-bhk-bedroom-apartment-flat-for-sale-in-signature-global-solera-sector-107-gurgaon-350-sq-ft-spid-M80603913,50 Lac,350,sq.ft.
https://www.99acres.com/2-bhk-bedroom-apartment-flat-for-sale-in-signature-global-solera-sector-107-gurgaon-548-sq-ft-spid-F81020567,78 Lac,548,sq.ft.
https://www.99acres.com/2-bhk-bedroom-apartment-flat-for-sale-in-signature-andour-heights-sector-71-gurgaon-600-sq-ft-spid-M80780283,85 Lac,600,sq.ft.
https://www.99acres.com/3-bhk-bedroom-apartment-flat-for-sale-in-signature-global-grand-iva-sector-103-gurgaon-645-sq-ft-spid-X80100821,91 Lac,644.54,sq.ft.
